id;name;description;idno;email;address;phone
1;Way Dominican Republic;Bulgarian Lev navigate;Re-contextual;Fredy_Koss@hotmail.com;deliver bypassing;813.516.0853 x6207
2;open-source turn-key;Sausages;disintermedia;Evan20@hotmail.com;Tanzania Fiji Dollar Profound;895.552.2909
3;Virginia THX pink;cross-media;programming S;Lucius93@hotmail.com;solid state;(650) 319-6902 x1354
4;Ports Manager Fish;Networked;Fish;Lysanne_Roberts65@yahoo.com;Nevada;(536) 222-5993
5;Human withdrawal;dot-com payment Libyan Dinar;white sensor ;Odell17@gmail.com;Applications Response Human;709.934.5959
6;SDD disintermediate reinvent;eco-centric Bedfordshire mesh;Configuration;Antoinette61@yahoo.com;Director Concrete Bedfordshire;(378) 617-7352 x2848
7;Personal Loan Account Sleek Beauty;digital deposit;extend Unbran;Aurelia_Kertzmann@yahoo.com;implementation;592.858.0200
8;frame Brunei Darussalam interface;compress lavender Investment Account;backing up;Juston_Jast@gmail.com;Metal Frozen;573.073.2447 x02019
9;navigating;Som Rustic Frozen Keyboard ROI;Benin;Christ.Okuneva63@hotmail.com;Buckinghamshire payment e-markets;1-402-531-7103 x1000
10;solution;Colombian Peso Unidad de Valor Real Bridge Handmade;online e-busi;Horacio.OConnell@yahoo.com;Web HTTP;(306) 955-8566
